{"cameraMode":{"drawMode":0,"name":"Shaded","section":"Shading Mode"},"sceneLighting":true,"audioPlay":false,"sceneViewState":{"showFog":true,"showMaterialUpdate":true,"showSkybox":true,"showFlares":true,"showImageEffects":true,"showParticleSystems":true},"in2DMode":false,"pivot":{"x":-1.559744954109192,"y":-5.523273468017578,"z":-0.4714946746826172},"rotation":{"x":-0.34942004084587099,"y":0.0412956066429615,"z":-0.015418466180562973,"w":-0.9359287023544312},"size":25.24419403076172,"orthographic":false}